Category,Purpose,Length
Bank Accounts,Bank savings account opening,28
Bank Accounts,Bank current account opening,28
Bank Accounts,Demat account opening,21
Bank Accounts,"Trading account opening (stocks, forex, etc.)",45
Loans,Personal loan application,25
Loans,Home loan application,21
Loans,Loan against property application,33
Loans,Business loan application,25
Loans,Vehicle loan application (auto/two-wheeler),43
Loans,Gold loan application,21
Loans,Small business loan application,31
Credit & Payment,Credit card application,23
Credit & Payment,Prepaid wallet account opening,30
Credit & Payment,UPI registration and usage,26
Credit & Payment,Crypto wallet or exchange sign-up,33
Insurance,Life insurance policy purchase,30
Insurance,Health insurance policy purchase,32
Insurance,Motor insurance policy purchase,31
Insurance,Insurance claim processing,26
Investments,Mutual fund account opening,27
Investments,Investor KYC registration (KRA),31
Tax & Government Services,Income tax e-filing registration,32
Tax & Government Services,Annual tax statement access (AIS),33
Tax & Government Services,Linking PAN to bank or tax records,34
Tax & Government Services,PAN card application or update,30
Tax & Government Services,GST registration for individuals,32
Tax & Government Services,Provident fund enrolment (EPFO),31
Tax & Government Services,State insurance enrolment (ESIC),32
Education & Public Services,University admission verification,33
Education & Public Services,College admission verification,30
Education & Public Services,Scholarship application verification,36
Education & Public Services,"Entrance exam registration (UPSC, SSC, etc.)",44
Education & Public Services,"Competitive exam verification (JEE, NEET, etc.)",47
Education & Public Services,Student ID or credential issuance (APAAR),41
Healthcare & Social Welfare,Health ID creation and linking (ABHA),37
Healthcare & Social Welfare,"Health scheme enrolment (AB-PMJAY, etc.)",40
Healthcare & Social Welfare,Ration card issuance (food subsidy),35
Certificates & Identity,Income certificate issuance (EWS),33
Certificates & Identity,Caste certificate issuance,26
Certificates & Identity,Domicile or residence certificate,33
Certificates & Identity,Labour welfare registration (eShram),36
Certificates & Identity,"Govt subsidy verification (DBT, PM-Kisan)",41
Digital Identity & e-Governance,Voter ID (EPIC) issuance or update,34
Digital Identity & e-Governance,Passport application or renewal,31
Digital Identity & e-Governance,Visa application (foreign missions),35
Digital Identity & e-Governance,Driving licence issue or renewal,32
Digital Identity & e-Governance,Vehicle registration issue or transfer,38
Digital Identity & e-Governance,"Police verification (tenancy, passport, job)",44
Digital Identity & e-Governance,Hotel check-in identity verification,36
Property & Land,Land record update or registration,34
Property & Land,Property registration or duty concession,40
Employment & Onboarding,Employee onboarding (private sector),36
Employment & Onboarding,Background check for jobs or gig work,37
Digital Platforms & Modern Sectors,DigiLocker account creation,27
Digital Platforms & Modern Sectors,Online marketplace seller sign-up,33
Digital Platforms & Modern Sectors,Telemedicine or online pharmacy KYC,35
Digital Platforms & Modern Sectors,High-value online purchase verification,39
Digital Platforms & Modern Sectors,Online gaming or betting verification,37
Digital Platforms & Modern Sectors,SIM card issuance or replacement,32
Digital Platforms & Modern Sectors,Ride-sharing or delivery partner sign-up,40
Digital Platforms & Modern Sectors,Short-term rental host sign-up,30
Digital Platforms & Modern Sectors,Cross-border money transfer sign-up,35
Digital Platforms & Modern Sectors,Art or luxury goods dealer sign-up,34
Digital Platforms & Modern Sectors,Digital ID wallet or credential issuance,40
Ongoing/Perpetual KYC & Compliance,Ongoing fraud and money-laundering check,40
Ongoing/Perpetual KYC & Compliance,Periodic KYC record update (CKYC),33
Ongoing/Perpetual KYC & Compliance,Checks for Politically exposed person,37
Ongoing/Perpetual KYC & Compliance,Business owner identification (UBO),35
